instance_id,symbol,source_symbol,cohort,sector,selection_basis,source_id,source_date,documented_rank,history_note
C001_V,V,V,DIVERSIFIED_CORE,Information Technology,SEC-filed SPY constituent; sector-balanced liquid long-history exemplar,SEC_SPY_2020_06_30,2020-06-30,,
C002_MA,MA,MA,DIVERSIFIED_CORE,Information Technology,SEC-filed SPY constituent; sector-balanced liquid long-history exemplar,SEC_SPY_2020_06_30,2020-06-30,,
C003_ADBE,ADBE,ADBE,DIVERSIFIED_CORE,Information Technology,SEC-filed SPY constituent; sector-balanced liquid long-history exemplar,SEC_SPY_2020_06_30,2020-06-30,,
C004_INTC,INTC,INTC,DIVERSIFIED_CORE,Information Technology,SEC-filed SPY constituent; sector-balanced liquid long-history exemplar,SEC_SPY_2020_06_30,2020-06-30,,
C005_CSCO,CSCO,CSCO,DIVERSIFIED_CORE,Information Technology,SEC-filed SPY constituent; sector-balanced liquid long-history exemplar,SEC_SPY_2020_06_30,2020-06-30,,
C006_CRM,CRM,CRM,DIVERSIFIED_CORE,Information Technology,SEC-filed SPY constituent; sector-balanced liquid long-history exemplar,SEC_SPY_2020_06_30,2020-06-30,,
C007_QCOM,QCOM,QCOM,DIVERSIFIED_CORE,Information Technology,SEC-filed SPY constituent; sector-balanced liquid long-history exemplar,SEC_SPY_2020_06_30,2020-06-30,,
C008_BRK_B,BRK.B,BRK.B,DIVERSIFIED_CORE,Financials,SEC-filed SPY constituent; sector-balanced liquid long-history exemplar,SEC_SPY_2020_06_30,2020-06-30,,Provider symbol uses dot notation
C009_WFC,WFC,WFC,DIVERSIFIED_CORE,Financials,SEC-filed SPY constituent; sector-balanced liquid long-history exemplar,SEC_SPY_2020_06_30,2020-06-30,,
C010_C,C,C,DIVERSIFIED_CORE,Financials,SEC-filed SPY constituent; sector-balanced liquid long-history exemplar,SEC_SPY_2020_06_30,2020-06-30,,
C011_GS,GS,GS,DIVERSIFIED_CORE,Financials,SEC-filed SPY constituent; sector-balanced liquid long-history exemplar,SEC_SPY_2020_06_30,2020-06-30,,
C012_MS,MS,MS,DIVERSIFIED_CORE,Financials,SEC-filed SPY constituent; sector-balanced liquid long-history exemplar,SEC_SPY_2020_06_30,2020-06-30,,
C013_BLK,BLK,BLK,DIVERSIFIED_CORE,Financials,SEC-filed SPY constituent; sector-balanced liquid long-history exemplar,SEC_SPY_2020_06_30,2020-06-30,,
C014_SCHW,SCHW,SCHW,DIVERSIFIED_CORE,Financials,SEC-filed SPY constituent; sector-balanced liquid long-history exemplar,SEC_SPY_2020_06_30,2020-06-30,,
C015_MRK,MRK,MRK,DIVERSIFIED_CORE,Health Care,SEC-filed SPY constituent; sector-balanced liquid long-history exemplar,SEC_SPY_2020_06_30,2020-06-30,,
C016_ABBV,ABBV,ABBV,DIVERSIFIED_CORE,Health Care,SEC-filed SPY constituent; sector-balanced liquid long-history exemplar,SEC_SPY_2020_06_30,2020-06-30,,
C017_ABT,ABT,ABT,DIVERSIFIED_CORE,Health Care,SEC-filed SPY constituent; sector-balanced liquid long-history exemplar,SEC_SPY_2020_06_30,2020-06-30,,
C018_TMO,TMO,TMO,DIVERSIFIED_CORE,Health Care,SEC-filed SPY constituent; sector-balanced liquid long-history exemplar,SEC_SPY_2020_06_30,2020-06-30,,
C019_LLY,LLY,LLY,DIVERSIFIED_CORE,Health Care,SEC-filed SPY constituent; sector-balanced liquid long-history exemplar,SEC_SPY_2020_06_30,2020-06-30,,
C020_AMGN,AMGN,AMGN,DIVERSIFIED_CORE,Health Care,SEC-filed SPY constituent; sector-balanced liquid long-history exemplar,SEC_SPY_2020_06_30,2020-06-30,,
C021_GILD,GILD,GILD,DIVERSIFIED_CORE,Health Care,SEC-filed SPY constituent; sector-balanced liquid long-history exemplar,SEC_SPY_2020_06_30,2020-06-30,,
C022_CVX,CVX,CVX,DIVERSIFIED_CORE,Energy,SEC-filed SPY constituent; sector-balanced liquid long-history exemplar,SEC_SPY_2020_06_30,2020-06-30,,
C023_COP,COP,COP,DIVERSIFIED_CORE,Energy,SEC-filed SPY constituent; sector-balanced liquid long-history exemplar,SEC_SPY_2020_06_30,2020-06-30,,
C024_EOG,EOG,EOG,DIVERSIFIED_CORE,Energy,SEC-filed SPY constituent; sector-balanced liquid long-history exemplar,SEC_SPY_2020_06_30,2020-06-30,,
C025_MPC,MPC,MPC,DIVERSIFIED_CORE,Energy,SEC-filed SPY constituent; sector-balanced liquid long-history exemplar,SEC_SPY_2020_06_30,2020-06-30,,
C026_PSX,PSX,PSX,DIVERSIFIED_CORE,Energy,SEC-filed SPY constituent; sector-balanced liquid long-history exemplar,SEC_SPY_2020_06_30,2020-06-30,,
C027_VLO,VLO,VLO,DIVERSIFIED_CORE,Energy,SEC-filed SPY constituent; sector-balanced liquid long-history exemplar,SEC_SPY_2020_06_30,2020-06-30,,
C028_WMT,WMT,WMT,DIVERSIFIED_CORE,Consumer Staples,SEC-filed SPY constituent; sector-balanced liquid long-history exemplar,SEC_SPY_2020_06_30,2020-06-30,,
C029_COST,COST,COST,DIVERSIFIED_CORE,Consumer Staples,SEC-filed SPY constituent; sector-balanced liquid long-history exemplar,SEC_SPY_2020_06_30,2020-06-30,,
C030_PEP,PEP,PEP,DIVERSIFIED_CORE,Consumer Staples,SEC-filed SPY constituent; sector-balanced liquid long-history exemplar,SEC_SPY_2020_06_30,2020-06-30,,
C031_PM,PM,PM,DIVERSIFIED_CORE,Consumer Staples,SEC-filed SPY constituent; sector-balanced liquid long-history exemplar,SEC_SPY_2020_06_30,2020-06-30,,
C032_MO,MO,MO,DIVERSIFIED_CORE,Consumer Staples,SEC-filed SPY constituent; sector-balanced liquid long-history exemplar,SEC_SPY_2020_06_30,2020-06-30,,
C033_MDLZ,MDLZ,MDLZ,DIVERSIFIED_CORE,Consumer Staples,SEC-filed SPY constituent; sector-balanced liquid long-history exemplar,SEC_SPY_2020_06_30,2020-06-30,,
C034_CL,CL,CL,DIVERSIFIED_CORE,Consumer Staples,SEC-filed SPY constituent; sector-balanced liquid long-history exemplar,SEC_SPY_2020_06_30,2020-06-30,,
C035_NKE,NKE,NKE,DIVERSIFIED_CORE,Consumer Discretionary,SEC-filed SPY constituent; sector-balanced liquid long-history exemplar,SEC_SPY_2020_06_30,2020-06-30,,
C036_LOW,LOW,LOW,DIVERSIFIED_CORE,Consumer Discretionary,SEC-filed SPY constituent; sector-balanced liquid long-history exemplar,SEC_SPY_2020_06_30,2020-06-30,,
C037_SBUX,SBUX,SBUX,DIVERSIFIED_CORE,Consumer Discretionary,SEC-filed SPY constituent; sector-balanced liquid long-history exemplar,SEC_SPY_2020_06_30,2020-06-30,,
C038_BKNG,BKNG,BKNG,DIVERSIFIED_CORE,Consumer Discretionary,SEC-filed SPY constituent; sector-balanced liquid long-history exemplar,SEC_SPY_2020_06_30,2020-06-30,,
C039_TJX,TJX,TJX,DIVERSIFIED_CORE,Consumer Discretionary,SEC-filed SPY constituent; sector-balanced liquid long-history exemplar,SEC_SPY_2020_06_30,2020-06-30,,
C040_GM,GM,GM,DIVERSIFIED_CORE,Consumer Discretionary,SEC-filed SPY constituent; sector-balanced liquid long-history exemplar,SEC_SPY_2020_06_30,2020-06-30,,
C041_ORLY,ORLY,ORLY,DIVERSIFIED_CORE,Consumer Discretionary,SEC-filed SPY constituent; sector-balanced liquid long-history exemplar,SEC_SPY_2020_06_30,2020-06-30,,
C042_HON,HON,HON,DIVERSIFIED_CORE,Industrials,SEC-filed SPY constituent; sector-balanced liquid long-history exemplar,SEC_SPY_2020_06_30,2020-06-30,,
C043_UPS,UPS,UPS,DIVERSIFIED_CORE,Industrials,SEC-filed SPY constituent; sector-balanced liquid long-history exemplar,SEC_SPY_2020_06_30,2020-06-30,,
C044_RTX,RTX,RTX,DIVERSIFIED_CORE,Industrials,SEC-filed SPY constituent; sector-balanced liquid long-history exemplar,SEC_SPY_2020_06_30,2020-06-30,,Raytheon Technologies name/ticker began in 2020
C045_MMM,MMM,MMM,DIVERSIFIED_CORE,Industrials,SEC-filed SPY constituent; sector-balanced liquid long-history exemplar,SEC_SPY_2020_06_30,2020-06-30,,
C046_LMT,LMT,LMT,DIVERSIFIED_CORE,Industrials,SEC-filed SPY constituent; sector-balanced liquid long-history exemplar,SEC_SPY_2020_06_30,2020-06-30,,
C047_DE,DE,DE,DIVERSIFIED_CORE,Industrials,SEC-filed SPY constituent; sector-balanced liquid long-history exemplar,SEC_SPY_2020_06_30,2020-06-30,,
C048_GD,GD,GD,DIVERSIFIED_CORE,Industrials,SEC-filed SPY constituent; sector-balanced liquid long-history exemplar,SEC_SPY_2020_06_30,2020-06-30,,
C049_SO,SO,SO,DIVERSIFIED_CORE,Utilities,SEC-filed SPY constituent; sector-balanced liquid long-history exemplar,SEC_SPY_2020_06_30,2020-06-30,,
C050_AEP,AEP,AEP,DIVERSIFIED_CORE,Utilities,SEC-filed SPY constituent; sector-balanced liquid long-history exemplar,SEC_SPY_2020_06_30,2020-06-30,,
C051_EXC,EXC,EXC,DIVERSIFIED_CORE,Utilities,SEC-filed SPY constituent; sector-balanced liquid long-history exemplar,SEC_SPY_2020_06_30,2020-06-30,,
C052_XEL,XEL,XEL,DIVERSIFIED_CORE,Utilities,SEC-filed SPY constituent; sector-balanced liquid long-history exemplar,SEC_SPY_2020_06_30,2020-06-30,,
C053_SRE,SRE,SRE,DIVERSIFIED_CORE,Utilities,SEC-filed SPY constituent; sector-balanced liquid long-history exemplar,SEC_SPY_2020_06_30,2020-06-30,,
C054_ED,ED,ED,DIVERSIFIED_CORE,Utilities,SEC-filed SPY constituent; sector-balanced liquid long-history exemplar,SEC_SPY_2020_06_30,2020-06-30,,
C055_LIN,LIN,LIN,DIVERSIFIED_CORE,Materials,SEC-filed SPY constituent; sector-balanced liquid long-history exemplar,SEC_SPY_2020_06_30,2020-06-30,,
C056_ECL,ECL,ECL,DIVERSIFIED_CORE,Materials,SEC-filed SPY constituent; sector-balanced liquid long-history exemplar,SEC_SPY_2020_06_30,2020-06-30,,
C057_NEM,NEM,NEM,DIVERSIFIED_CORE,Materials,SEC-filed SPY constituent; sector-balanced liquid long-history exemplar,SEC_SPY_2020_06_30,2020-06-30,,
C058_FCX,FCX,FCX,DIVERSIFIED_CORE,Materials,SEC-filed SPY constituent; sector-balanced liquid long-history exemplar,SEC_SPY_2020_06_30,2020-06-30,,
C059_DOW,DOW,DOW,DIVERSIFIED_CORE,Materials,SEC-filed SPY constituent; sector-balanced liquid long-history exemplar,SEC_SPY_2020_06_30,2020-06-30,,Dow Inc began trading in 2019
C060_PPG,PPG,PPG,DIVERSIFIED_CORE,Materials,SEC-filed SPY constituent; sector-balanced liquid long-history exemplar,SEC_SPY_2020_06_30,2020-06-30,,
C061_NUE,NUE,NUE,DIVERSIFIED_CORE,Materials,SEC-filed SPY constituent; sector-balanced liquid long-history exemplar,SEC_SPY_2020_06_30,2020-06-30,,
C062_CCI,CCI,CCI,DIVERSIFIED_CORE,Real Estate,SEC-filed SPY constituent; sector-balanced liquid long-history exemplar,SEC_SPY_2020_06_30,2020-06-30,,
C063_EQIX,EQIX,EQIX,DIVERSIFIED_CORE,Real Estate,SEC-filed SPY constituent; sector-balanced liquid long-history exemplar,SEC_SPY_2020_06_30,2020-06-30,,
C064_SPG,SPG,SPG,DIVERSIFIED_CORE,Real Estate,SEC-filed SPY constituent; sector-balanced liquid long-history exemplar,SEC_SPY_2020_06_30,2020-06-30,,
C065_PSA,PSA,PSA,DIVERSIFIED_CORE,Real Estate,SEC-filed SPY constituent; sector-balanced liquid long-history exemplar,SEC_SPY_2020_06_30,2020-06-30,,
C066_O,O,O,DIVERSIFIED_CORE,Real Estate,SEC-filed SPY constituent; sector-balanced liquid long-history exemplar,SEC_SPY_2020_06_30,2020-06-30,,
C067_DLR,DLR,DLR,DIVERSIFIED_CORE,Real Estate,SEC-filed SPY constituent; sector-balanced liquid long-history exemplar,SEC_SPY_2020_06_30,2020-06-30,,
C068_WELL,WELL,WELL,DIVERSIFIED_CORE,Real Estate,SEC-filed SPY constituent; sector-balanced liquid long-history exemplar,SEC_SPY_2020_06_30,2020-06-30,,
C069_VZ,VZ,VZ,DIVERSIFIED_CORE,Communication Services,SEC-filed SPY constituent; sector-balanced liquid long-history exemplar,SEC_SPY_2020_06_30,2020-06-30,,
C070_T,T,T,DIVERSIFIED_CORE,Communication Services,SEC-filed SPY constituent; sector-balanced liquid long-history exemplar,SEC_SPY_2020_06_30,2020-06-30,,
C071_NFLX,NFLX,NFLX,DIVERSIFIED_CORE,Communication Services,SEC-filed SPY constituent; sector-balanced liquid long-history exemplar,SEC_SPY_2020_06_30,2020-06-30,,
C072_EA,EA,EA,DIVERSIFIED_CORE,Communication Services,SEC-filed SPY constituent; sector-balanced liquid long-history exemplar,SEC_SPY_2020_06_30,2020-06-30,,
C073_TMUS,TMUS,TMUS,DIVERSIFIED_CORE,Communication Services,SEC-filed SPY constituent; sector-balanced liquid long-history exemplar,SEC_SPY_2020_06_30,2020-06-30,,
C074_CHTR,CHTR,CHTR,DIVERSIFIED_CORE,Communication Services,SEC-filed SPY constituent; sector-balanced liquid long-history exemplar,SEC_SPY_2020_06_30,2020-06-30,,
C075_FOXA,FOXA,FOXA,DIVERSIFIED_CORE,Communication Services,SEC-filed SPY constituent; sector-balanced liquid long-history exemplar,SEC_SPY_2020_06_30,2020-06-30,,
A001_AAPL,AAPL,AAPL,RETAIL_ATTENTION_2020,Information Technology,December 2020 Robinhood top-ten leaderboard,FOOL_RH_TOP10_2020_12_05,2020-12-05,1,
A002_TSLA,TSLA,TSLA,RETAIL_ATTENTION_2020,Consumer Discretionary,December 2020 Robinhood top-ten leaderboard,FOOL_RH_TOP10_2020_12_05,2020-12-05,2,
A003_F,F,F,RETAIL_ATTENTION_2020,Consumer Discretionary,December 2020 Robinhood top-ten leaderboard,FOOL_RH_TOP10_2020_12_05,2020-12-05,3,
A004_GE,GE,GE,RETAIL_ATTENTION_2020,Industrials,December 2020 Robinhood top-ten leaderboard,FOOL_RH_TOP10_2020_12_05,2020-12-05,4,
A005_AAL,AAL,AAL,RETAIL_ATTENTION_2020,Industrials,December 2020 Robinhood top-ten leaderboard,FOOL_RH_TOP10_2020_12_05,2020-12-05,6,
A006_NIO,NIO,NIO,RETAIL_ATTENTION_2020,Consumer Discretionary,December 2020 Robinhood top-ten leaderboard,FOOL_RH_TOP10_2020_12_05,2020-12-05,7,IPO in 2018
A007_AMZN,AMZN,AMZN,RETAIL_ATTENTION_2020,Consumer Discretionary,December 2020 Robinhood top-ten leaderboard,FOOL_RH_TOP10_2020_12_05,2020-12-05,8,
A008_DIS,DIS,DIS,RETAIL_ATTENTION_2020,Communication Services,December 2020 Robinhood top-ten leaderboard,FOOL_RH_TOP10_2020_12_05,2020-12-05,9,
A009_DAL,DAL,DAL,RETAIL_ATTENTION_2020,Industrials,December 2020 Robinhood top-ten leaderboard,FOOL_RH_TOP10_2020_12_05,2020-12-05,10,
A010_ACB,ACB,ACB,RETAIL_ATTENTION_2020,Health Care,May 2020 Robinhood Top 100 article with documented rank,INVESTORPLACE_RH_2020_05_27,2020-05-27,6,Reverse splits preserved in adjusted bars
A011_BAC,BAC,BAC,RETAIL_ATTENTION_2020,Financials,May 2020 Robinhood Top 100 article with documented rank,INVESTORPLACE_RH_2020_05_27,2020-05-27,13,
A012_PLUG,PLUG,PLUG,RETAIL_ATTENTION_2020,Industrials,May 2020 Robinhood Top 100 article with documented rank,INVESTORPLACE_RH_2020_05_27,2020-05-27,14,
A013_SNAP,SNAP,SNAP,RETAIL_ATTENTION_2020,Communication Services,May 2020 Robinhood Top 100 article with documented rank,INVESTORPLACE_RH_2020_05_27,2020-05-27,15,
A014_CGC,CGC,CGC,RETAIL_ATTENTION_2020,Health Care,May 2020 Robinhood Top 100 article with documented rank,INVESTORPLACE_RH_2020_05_27,2020-05-27,19,
A015_META,META,FB,RETAIL_ATTENTION_2020,Communication Services,May 2020 Robinhood Top 100 article with documented rank,INVESTORPLACE_RH_2020_05_27,2020-05-27,26,Source-period symbol FB; provider history queried under successor ticker META
A016_SQ,SQ,SQ,RETAIL_ATTENTION_2020,Financials,May 2020 Robinhood Top 100 article with documented rank,INVESTORPLACE_RH_2020_05_27,2020-05-27,68,Renamed XYZ after the retrospective window
A017_BYND,BYND,BYND,RETAIL_ATTENTION_2020,Consumer Staples,May 2020 Robinhood Top 100 article with documented rank,INVESTORPLACE_RH_2020_05_27,2020-05-27,74,IPO in 2019
A018_APHA,APHA,APHA,RETAIL_ATTENTION_2020,Health Care,November 2020 Robinhood popularity article with documented rank,KIPLINGER_RH_2020_11_24,2020-11-24,6,Acquired by Tilray in 2021; retain expected coverage STOP
A019_SNE,SNE,SNE,RETAIL_ATTENTION_2020,Consumer Discretionary,November 2020 Robinhood popularity article with documented rank,KIPLINGER_RH_2020_11_24,2020-11-24,5,Renamed SONY in 2021; retain expected coverage STOP
A020_BABA,BABA,BABA,RETAIL_ATTENTION_2020,Consumer Discretionary,November 2020 Robinhood popularity article with documented rank,KIPLINGER_RH_2020_11_24,2020-11-24,3,
A021_CPRX,CPRX,CPRX,RETAIL_ATTENTION_2020,Health Care,November 2020 Robinhood popularity article with documented rank,KIPLINGER_RH_2020_11_24,2020-11-24,2,
A022_SPCE,SPCE,SPCE,RETAIL_ATTENTION_2020,Industrials,November 2020 Robinhood popularity article with documented rank,KIPLINGER_RH_2020_11_24,2020-11-24,1,Public history began through a 2019 SPAC combination
A023_KODK,KODK,KODK,RETAIL_ATTENTION_2020,Industrials,Explicit August 2020 Robintrack popularity coverage,FORBES_RH_2020_08_05,2020-08-05,,
A024_ADT,ADT,ADT,RETAIL_ATTENTION_2020,Industrials,Explicit August 2020 Robintrack popularity coverage,FORBES_RH_2020_08_05,2020-08-05,,IPO in 2018
A025_LI,LI,LI,RETAIL_ATTENTION_2020,Consumer Discretionary,Explicit August 2020 Robintrack popularity coverage,FORBES_RH_2020_08_05,2020-08-05,,IPO in July 2020; retain expected TRAIN coverage STOP
